input_file,SWP,delta_C,delta_L
/home/gbz6qn/Documents/PhD/Spring26/network_science/network-science-final/mats/121618_covariance.mat,0.537112,0.408728,0.522539
/home/gbz6qn/Documents/PhD/Spring26/network_science/network-science-final/mats/121416_covariance.mat,0.205678,0.518078,1.000000
/home/gbz6qn/Documents/PhD/Spring26/network_science/network-science-final/mats/120717_covariance.mat,1.000000,0.000000,0.000000
/home/gbz6qn/Documents/PhD/Spring26/network_science/network-science-final/mats/121921_covariance.mat,0.292893,0.000000,1.000000
/home/gbz6qn/Documents/PhD/Spring26/network_science/network-science-final/mats/120515_covariance.mat,0.761424,0.000000,0.337398
/home/gbz6qn/Documents/PhD/Spring26/network_science/network-science-final/mats/130417_covariance.mat,0.571536,0.509396,0.334488
/home/gbz6qn/Documents/PhD/Spring26/network_science/network-science-final/mats/130619_covariance.mat,0.411867,0.000000,0.831746
/home/gbz6qn/Documents/PhD/Spring26/network_science/network-science-final/mats/130518_covariance.mat,0.278587,0.315622,0.999796
/home/gbz6qn/Documents/PhD/Spring26/network_science/network-science-final/mats/120414_covariance.mat,0.198786,0.542581,0.999010
/home/gbz6qn/Documents/PhD/Spring26/network_science/network-science-final/mats/118831_covariance.mat,0.706403,0.415208,0.000000
/home/gbz6qn/Documents/PhD/Spring26/network_science/network-science-final/mats/119025_covariance.mat,0.063027,0.893060,0.979940
/home/gbz6qn/Documents/PhD/Spring26/network_science/network-science-final/mats/119126_covariance.mat,0.158336,0.684384,0.974455
/home/gbz6qn/Documents/PhD/Spring26/network_science/network-science-final/mats/130720_covariance.mat,0.292893,-0.000000,1.000000
/home/gbz6qn/Documents/PhD/Spring26/network_science/network-science-final/mats/132017_covariance.mat,0.486431,0.726296,0.000000
/home/gbz6qn/Documents/PhD/Spring26/network_science/network-science-final/mats/131823_covariance.mat,0.208706,0.587658,0.955379
/home/gbz6qn/Documents/PhD/Spring26/network_science/network-science-final/mats/132118_covariance.mat,0.230686,0.563004,0.933014
/home/gbz6qn/Documents/PhD/Spring26/network_science/network-science-final/mats/131419_covariance.mat,1.000000,0.000000,0.000000
/home/gbz6qn/Documents/PhD/Spring26/network_science/network-science-final/mats/131217_covariance.mat,0.253129,0.396094,0.998657
/home/gbz6qn/Documents/PhD/Spring26/network_science/network-science-final/mats/131722_covariance.mat,0.292893,-0.000000,1.000000
/home/gbz6qn/Documents/PhD/Spring26/network_science/network-science-final/mats/114621_covariance.mat,0.759630,0.339934,0.000000
/home/gbz6qn/Documents/PhD/Spring26/network_science/network-science-final/mats/115017_covariance.mat,0.513625,0.687839,0.000000
/home/gbz6qn/Documents/PhD/Spring26/network_science/network-science-final/mats/114823_covariance.mat,0.693701,0.000000,0.433172
/home/gbz6qn/Documents/PhD/Spring26/network_science/network-science-final/mats/114419_covariance.mat,0.292893,-0.000000,1.000000
/home/gbz6qn/Documents/PhD/Spring26/network_science/network-science-final/mats/105620_covariance.mat,0.440749,0.790900,0.000000
/home/gbz6qn/Documents/PhD/Spring26/network_science/network-science-final/mats/116726_covariance.mat,0.736886,0.372099,0.000000
/home/gbz6qn/Documents/PhD/Spring26/network_science/network-science-final/mats/122620_covariance.mat,0.503006,0.702856,0.000000
/home/gbz6qn/Documents/PhD/Spring26/network_science/network-science-final/mats/105923_covariance.mat,0.292893,-0.000000,1.000000
/home/gbz6qn/Documents/PhD/Spring26/network_science/network-science-final/mats/103111_covariance.mat,0.493030,0.716964,0.000000
/home/gbz6qn/Documents/PhD/Spring26/network_science/network-science-final/mats/133019_covariance.mat,0.290074,0.233293,1.000000
/home/gbz6qn/Documents/PhD/Spring26/network_science/network-science-final/mats/122317_covariance.mat,0.518950,0.277136,0.656336
/home/gbz6qn/Documents/PhD/Spring26/network_science/network-science-final/mats/122822_covariance.mat,0.176977,0.708743,0.923613
/home/gbz6qn/Documents/PhD/Spring26/network_science/network-science-final/mats/117930_covariance.mat,0.591952,0.577067,0.000000
/home/gbz6qn/Documents/PhD/Spring26/network_science/network-science-final/mats/117021_covariance.mat,0.293239,0.000000,0.999510
/home/gbz6qn/Documents/PhD/Spring26/network_science/network-science-final/mats/102715_covariance.mat,0.120360,0.761654,0.983640
/home/gbz6qn/Documents/PhD/Spring26/network_science/network-science-final/mats/103212_covariance.mat,0.292893,-0.000000,1.000000
/home/gbz6qn/Documents/PhD/Spring26/network_science/network-science-final/mats/102614_covariance.mat,0.118747,0.783471,0.969249
/home/gbz6qn/Documents/PhD/Spring26/network_science/network-science-final/mats/114318_covariance.mat,0.662796,0.476879,0.000000
/home/gbz6qn/Documents/PhD/Spring26/network_science/network-science-final/mats/112920_covariance.mat,0.292893,-0.000000,1.000000
/home/gbz6qn/Documents/PhD/Spring26/network_science/network-science-final/mats/113922_covariance.mat,0.527330,-0.000000,0.668456
/home/gbz6qn/Documents/PhD/Spring26/network_science/network-science-final/mats/114217_covariance.mat,0.200007,0.618926,0.947958
/home/gbz6qn/Documents/PhD/Spring26/network_science/network-science-final/mats/110613_covariance.mat,0.166666,0.624775,0.999274
/home/gbz6qn/Documents/PhD/Spring26/network_science/network-science-final/mats/123824_covariance.mat,0.237079,0.423595,1.000000
/home/gbz6qn/Documents/PhD/Spring26/network_science/network-science-final/mats/106521_covariance.mat,0.343025,0.577084,0.731362
/home/gbz6qn/Documents/PhD/Spring26/network_science/network-science-final/mats/106016_covariance.mat,0.311480,-0.000000,0.973715
/home/gbz6qn/Documents/PhD/Spring26/network_science/network-science-final/mats/108323_covariance.mat,0.140493,0.729427,0.972407
/home/gbz6qn/Documents/PhD/Spring26/network_science/network-science-final/mats/106824_covariance.mat,0.657923,-0.000000,0.483770
/home/gbz6qn/Documents/PhD/Spring26/network_science/network-science-final/mats/107018_covariance.mat,1.000000,0.000000,0.000000
/home/gbz6qn/Documents/PhD/Spring26/network_science/network-science-final/mats/108525_covariance.mat,0.292893,-0.000000,1.000000
/home/gbz6qn/Documents/PhD/Spring26/network_science/network-science-final/mats/107321_covariance.mat,0.800257,0.282479,0.000000
/home/gbz6qn/Documents/PhD/Spring26/network_science/network-science-final/mats/107725_covariance.mat,0.464607,0.757160,0.000000
/home/gbz6qn/Documents/PhD/Spring26/network_science/network-science-final/mats/108121_covariance.mat,0.302995,0.000000,0.985713
/home/gbz6qn/Documents/PhD/Spring26/network_science/network-science-final/mats/107422_covariance.mat,0.273556,0.288319,1.000000
/home/gbz6qn/Documents/PhD/Spring26/network_science/network-science-final/mats/108020_covariance.mat,0.749424,0.354368,0.000000
/home/gbz6qn/Documents/PhD/Spring26/network_science/network-science-final/mats/108828_covariance.mat,0.255535,0.366043,1.000000
/home/gbz6qn/Documents/PhD/Spring26/network_science/network-science-final/mats/110007_covariance.mat,0.290426,0.263762,0.999355
/home/gbz6qn/Documents/PhD/Spring26/network_science/network-science-final/mats/109123_covariance.mat,0.292893,0.000000,1.000000
/home/gbz6qn/Documents/PhD/Spring26/network_science/network-science-final/mats/134627_covariance.mat,0.491635,0.631571,0.344528
/home/gbz6qn/Documents/PhD/Spring26/network_science/network-science-final/mats/134223_covariance.mat,0.278129,0.318838,0.998357
/home/gbz6qn/Documents/PhD/Spring26/network_science/network-science-final/mats/134021_covariance.mat,0.664915,0.473882,0.000000
/home/gbz6qn/Documents/PhD/Spring26/network_science/network-science-final/mats/111716_covariance.mat,0.109897,0.807612,0.965976
/home/gbz6qn/Documents/PhD/Spring26/network_science/network-science-final/mats/112112_covariance.mat,0.270685,0.315215,1.000000
/home/gbz6qn/Documents/PhD/Spring26/network_science/network-science-final/mats/112314_covariance.mat,0.698134,0.426903,0.000000
/home/gbz6qn/Documents/PhD/Spring26/network_science/network-science-final/mats/105014_covariance.mat,0.727000,0.386080,0.000000
/home/gbz6qn/Documents/PhD/Spring26/network_science/network-science-final/mats/123521_covariance.mat,0.162387,0.803262,0.870852
/home/gbz6qn/Documents/PhD/Spring26/network_science/network-science-final/mats/123723_covariance.mat,0.669071,0.468004,0.000000
/home/gbz6qn/Documents/PhD/Spring26/network_science/network-science-final/mats/123420_covariance.mat,0.388887,0.321645,0.835787
/home/gbz6qn/Documents/PhD/Spring26/network_science/network-science-final/mats/118528_covariance.mat,0.150881,0.665019,0.999977
/home/gbz6qn/Documents/PhD/Spring26/network_science/network-science-final/mats/118124_covariance.mat,0.605455,0.557971,0.000000
/home/gbz6qn/Documents/PhD/Spring26/network_science/network-science-final/mats/115219_covariance.mat,0.292893,-0.000000,1.000000
/home/gbz6qn/Documents/PhD/Spring26/network_science/network-science-final/mats/116524_covariance.mat,0.818107,0.000000,0.257236
/home/gbz6qn/Documents/PhD/Spring26/network_science/network-science-final/mats/115825_covariance.mat,0.157653,0.660522,0.993398
/home/gbz6qn/Documents/PhD/Spring26/network_science/network-science-final/mats/147636_covariance.mat,1.000000,0.000000,0.000000
/home/gbz6qn/Documents/PhD/Spring26/network_science/network-science-final/mats/104820_covariance.mat,0.097478,0.857479,0.945706
/home/gbz6qn/Documents/PhD/Spring26/network_science/network-science-final/mats/104416_covariance.mat,0.362558,0.693558,0.576075
/home/gbz6qn/Documents/PhD/Spring26/network_science/network-science-final/mats/104012_covariance.mat,0.519607,0.679378,0.000000
/home/gbz6qn/Documents/PhD/Spring26/network_science/network-science-final/mats/168947_covariance.mat,0.208094,0.528678,0.996296
/home/gbz6qn/Documents/PhD/Spring26/network_science/network-science-final/mats/175742_covariance.mat,0.292907,0.671795,0.741602
/home/gbz6qn/Documents/PhD/Spring26/network_science/network-science-final/mats/176037_covariance.mat,0.292037,0.637532,0.772909
/home/gbz6qn/Documents/PhD/Spring26/network_science/network-science-final/mats/162733_covariance.mat,0.253115,0.381866,1.000000
/home/gbz6qn/Documents/PhD/Spring26/network_science/network-science-final/mats/127630_covariance.mat,0.356398,0.423586,0.815081
/home/gbz6qn/Documents/PhD/Spring26/network_science/network-science-final/mats/129634_covariance.mat,0.867638,0.187188,0.000000
/home/gbz6qn/Documents/PhD/Spring26/network_science/network-science-final/mats/129331_covariance.mat,0.215792,0.563727,0.959124
/home/gbz6qn/Documents/PhD/Spring26/network_science/network-science-final/mats/127327_covariance.mat,0.219388,0.479792,0.999958
/home/gbz6qn/Documents/PhD/Spring26/network_science/network-science-final/mats/125222_covariance.mat,0.249382,0.435161,0.978376
/home/gbz6qn/Documents/PhD/Spring26/network_science/network-science-final/mats/127832_covariance.mat,0.233716,0.441275,1.000000
/home/gbz6qn/Documents/PhD/Spring26/network_science/network-science-final/mats/130316_covariance.mat,0.602564,0.418695,0.397100
/home/gbz6qn/Documents/PhD/Spring26/network_science/network-science-final/mats/128127_covariance.mat,0.116299,0.761142,0.991237
/home/gbz6qn/Documents/PhD/Spring26/network_science/network-science-final/mats/128026_covariance.mat,0.249430,0.392927,1.000000
/home/gbz6qn/Documents/PhD/Spring26/network_science/network-science-final/mats/126426_covariance.mat,0.669136,0.467912,0.000000
/home/gbz6qn/Documents/PhD/Spring26/network_science/network-science-final/mats/126628_covariance.mat,0.371022,0.433327,0.783712
/home/gbz6qn/Documents/PhD/Spring26/network_science/network-science-final/mats/128935_covariance.mat,0.730420,0.381244,0.000000
/home/gbz6qn/Documents/PhD/Spring26/network_science/network-science-final/mats/124220_covariance.mat,0.157758,0.665400,0.987962
/home/gbz6qn/Documents/PhD/Spring26/network_science/network-science-final/mats/149741_covariance.mat,0.567213,0.612053,0.000000
/home/gbz6qn/Documents/PhD/Spring26/network_science/network-science-final/mats/151728_covariance.mat,0.196758,0.545297,0.998846
/home/gbz6qn/Documents/PhD/Spring26/network_science/network-science-final/mats/150928_covariance.mat,0.290420,0.220557,1.000000
/home/gbz6qn/Documents/PhD/Spring26/network_science/network-science-final/mats/140925_covariance.mat,0.137004,0.729281,0.979414
/home/gbz6qn/Documents/PhD/Spring26/network_science/network-science-final/mats/139435_covariance.mat,0.485454,0.727679,0.000000
/home/gbz6qn/Documents/PhD/Spring26/network_science/network-science-final/mats/100610_covariance.mat,0.277759,0.281829,0.999285
/home/gbz6qn/Documents/PhD/Spring26/network_science/network-science-final/mats/101309_covariance.mat,0.704737,0.417565,0.000000
/home/gbz6qn/Documents/PhD/Spring26/network_science/network-science-final/mats/101107_covariance.mat,0.292893,-0.000000,1.000000
/home/gbz6qn/Documents/PhD/Spring26/network_science/network-science-final/mats/101915_covariance.mat,0.254891,0.582633,0.880636
/home/gbz6qn/Documents/PhD/Spring26/network_science/network-science-final/mats/100206_covariance.mat,0.603879,0.560199,0.000000
/home/gbz6qn/Documents/PhD/Spring26/network_science/network-science-final/mats/102311_covariance.mat,0.261423,0.336025,1.000000
/home/gbz6qn/Documents/PhD/Spring26/network_science/network-science-final/mats/102008_covariance.mat,0.292893,0.000000,1.000000
/home/gbz6qn/Documents/PhD/Spring26/network_science/network-science-final/mats/102513_covariance.mat,0.292893,-0.000000,1.000000
/home/gbz6qn/Documents/PhD/Spring26/network_science/network-science-final/mats/102109_covariance.mat,0.222251,0.463828,1.000000
/home/gbz6qn/Documents/PhD/Spring26/network_science/network-science-final/mats/151930_covariance.mat,0.560011,0.622238,0.000000
/home/gbz6qn/Documents/PhD/Spring26/network_science/network-science-final/mats/151425_covariance.mat,0.255613,0.405199,0.990512
/home/gbz6qn/Documents/PhD/Spring26/network_science/network-science-final/mats/150726_covariance.mat,0.528134,0.667319,0.000000
/home/gbz6qn/Documents/PhD/Spring26/network_science/network-science-final/mats/149842_covariance.mat,0.345491,0.654855,0.654270
/home/gbz6qn/Documents/PhD/Spring26/network_science/network-science-final/mats/151324_covariance.mat,0.735274,0.000000,0.374379
/home/gbz6qn/Documents/PhD/Spring26/network_science/network-science-final/mats/169444_covariance.mat,0.183022,0.585744,0.998311
/home/gbz6qn/Documents/PhD/Spring26/network_science/network-science-final/mats/169545_covariance.mat,0.292893,0.000000,1.000000
/home/gbz6qn/Documents/PhD/Spring26/network_science/network-science-final/mats/153631_covariance.mat,0.278850,0.343147,0.980813
/home/gbz6qn/Documents/PhD/Spring26/network_science/network-science-final/mats/164030_covariance.mat,0.788322,0.299358,0.000000
/home/gbz6qn/Documents/PhD/Spring26/network_science/network-science-final/mats/153934_covariance.mat,0.164028,0.630684,1.000000
/home/gbz6qn/Documents/PhD/Spring26/network_science/network-science-final/mats/154229_covariance.mat,0.121056,0.777047,0.970232
/home/gbz6qn/Documents/PhD/Spring26/network_science/network-science-final/mats/148840_covariance.mat,0.293572,0.000000,0.999040
/home/gbz6qn/Documents/PhD/Spring26/network_science/network-science-final/mats/149236_covariance.mat,0.472002,0.746702,0.000000
/home/gbz6qn/Documents/PhD/Spring26/network_science/network-science-final/mats/148133_covariance.mat,0.567089,0.612228,0.000000
/home/gbz6qn/Documents/PhD/Spring26/network_science/network-science-final/mats/147737_covariance.mat,0.475022,0.742374,0.009231
/home/gbz6qn/Documents/PhD/Spring26/network_science/network-science-final/mats/148941_covariance.mat,0.611667,0.549186,0.000000
/home/gbz6qn/Documents/PhD/Spring26/network_science/network-science-final/mats/146432_covariance.mat,0.253838,0.377924,1.000000
/home/gbz6qn/Documents/PhD/Spring26/network_science/network-science-final/mats/146533_covariance.mat,0.142869,0.774576,0.932422
/home/gbz6qn/Documents/PhD/Spring26/network_science/network-science-final/mats/163331_covariance.mat,1.000000,0.000000,0.000000
/home/gbz6qn/Documents/PhD/Spring26/network_science/network-science-final/mats/138837_covariance.mat,0.269543,0.303839,1.000000
/home/gbz6qn/Documents/PhD/Spring26/network_science/network-science-final/mats/139839_covariance.mat,0.250889,0.686340,0.808226
/home/gbz6qn/Documents/PhD/Spring26/network_science/network-science-final/mats/139233_covariance.mat,0.300058,-0.000000,0.989867
/home/gbz6qn/Documents/PhD/Spring26/network_science/network-science-final/mats/147030_covariance.mat,0.244188,0.413726,1.000000
/home/gbz6qn/Documents/PhD/Spring26/network_science/network-science-final/mats/123925_covariance.mat,0.574189,0.602187,0.000000
/home/gbz6qn/Documents/PhD/Spring26/network_science/network-science-final/mats/146937_covariance.mat,1.000000,0.000000,0.000000
/home/gbz6qn/Documents/PhD/Spring26/network_science/network-science-final/mats/146836_covariance.mat,0.482212,0.371001,0.658727
/home/gbz6qn/Documents/PhD/Spring26/network_science/network-science-final/mats/134829_covariance.mat,0.191841,0.555147,0.999837
/home/gbz6qn/Documents/PhD/Spring26/network_science/network-science-final/mats/154330_covariance.mat,0.230975,0.433982,1.000000
/home/gbz6qn/Documents/PhD/Spring26/network_science/network-science-final/mats/145632_covariance.mat,0.097901,0.796584,1.000000
/home/gbz6qn/Documents/PhD/Spring26/network_science/network-science-final/mats/143426_covariance.mat,0.686588,0.443232,0.000000
/home/gbz6qn/Documents/PhD/Spring26/network_science/network-science-final/mats/145127_covariance.mat,0.426977,0.000000,0.810377
/home/gbz6qn/Documents/PhD/Spring26/network_science/network-science-final/mats/146129_covariance.mat,0.292970,0.000000,0.999891
/home/gbz6qn/Documents/PhD/Spring26/network_science/network-science-final/mats/144125_covariance.mat,0.244162,0.382925,1.000000
/home/gbz6qn/Documents/PhD/Spring26/network_science/network-science-final/mats/144933_covariance.mat,0.231461,0.436142,1.000000
/home/gbz6qn/Documents/PhD/Spring26/network_science/network-science-final/mats/144832_covariance.mat,0.281510,0.310073,0.999313
/home/gbz6qn/Documents/PhD/Spring26/network_science/network-science-final/mats/137229_covariance.mat,0.127286,0.823267,0.919640
/home/gbz6qn/Documents/PhD/Spring26/network_science/network-science-final/mats/137027_covariance.mat,0.228419,0.449378,0.999894
/home/gbz6qn/Documents/PhD/Spring26/network_science/network-science-final/mats/138332_covariance.mat,1.000000,0.000000,0.000000
/home/gbz6qn/Documents/PhD/Spring26/network_science/network-science-final/mats/136227_covariance.mat,0.204878,0.632366,0.931015
/home/gbz6qn/Documents/PhD/Spring26/network_science/network-science-final/mats/138130_covariance.mat,0.159252,0.646882,0.999732
/home/gbz6qn/Documents/PhD/Spring26/network_science/network-science-final/mats/137532_covariance.mat,0.262609,0.331541,1.000000
/home/gbz6qn/Documents/PhD/Spring26/network_science/network-science-final/mats/136126_covariance.mat,0.115579,0.758200,0.994821
/home/gbz6qn/Documents/PhD/Spring26/network_science/network-science-final/mats/136631_covariance.mat,0.170146,0.615303,1.000000
/home/gbz6qn/Documents/PhD/Spring26/network_science/network-science-final/mats/153227_covariance.mat,0.719944,0.396058,0.000000
/home/gbz6qn/Documents/PhD/Spring26/network_science/network-science-final/mats/172534_covariance.mat,0.288344,0.304750,0.985594
/home/gbz6qn/Documents/PhD/Spring26/network_science/network-science-final/mats/172029_covariance.mat,0.293033,0.000000,0.999803
/home/gbz6qn/Documents/PhD/Spring26/network_science/network-science-final/mats/172938_covariance.mat,0.676830,0.457031,0.000000
/home/gbz6qn/Documents/PhD/Spring26/network_science/network-science-final/mats/172433_covariance.mat,0.263579,0.360164,0.999991
/home/gbz6qn/Documents/PhD/Spring26/network_science/network-science-final/mats/169949_covariance.mat,0.233379,0.478274,0.982016
/home/gbz6qn/Documents/PhD/Spring26/network_science/network-science-final/mats/171532_covariance.mat,0.614596,0.544496,0.024903
/home/gbz6qn/Documents/PhD/Spring26/network_science/network-science-final/mats/153833_covariance.mat,0.260088,0.340892,1.000000
/home/gbz6qn/Documents/PhD/Spring26/network_science/network-science-final/mats/158843_covariance.mat,0.323069,0.499238,0.830128
/home/gbz6qn/Documents/PhD/Spring26/network_science/network-science-final/mats/156435_covariance.mat,0.261795,0.351611,0.992240
/home/gbz6qn/Documents/PhD/Spring26/network_science/network-science-final/mats/156536_covariance.mat,0.256610,0.345322,1.000000
/home/gbz6qn/Documents/PhD/Spring26/network_science/network-science-final/mats/154835_covariance.mat,0.277639,0.285292,0.999971
/home/gbz6qn/Documents/PhD/Spring26/network_science/network-science-final/mats/154936_covariance.mat,0.203863,0.530483,0.994702
/home/gbz6qn/Documents/PhD/Spring26/network_science/network-science-final/mats/154532_covariance.mat,0.221020,0.475452,0.998825
/home/gbz6qn/Documents/PhD/Spring26/network_science/network-science-final/mats/154734_covariance.mat,0.258422,0.330024,1.000000
/home/gbz6qn/Documents/PhD/Spring26/network_science/network-science-final/mats/164636_covariance.mat,0.261623,0.376020,1.000000
/home/gbz6qn/Documents/PhD/Spring26/network_science/network-science-final/mats/168745_covariance.mat,0.268848,0.441812,0.949231
/home/gbz6qn/Documents/PhD/Spring26/network_science/network-science-final/mats/167036_covariance.mat,1.000000,-0.000000,0.000000
/home/gbz6qn/Documents/PhD/Spring26/network_science/network-science-final/mats/167440_covariance.mat,0.414898,0.827460,0.000000
/home/gbz6qn/Documents/PhD/Spring26/network_science/network-science-final/mats/168341_covariance.mat,0.292893,0.000000,1.000000
/home/gbz6qn/Documents/PhD/Spring26/network_science/network-science-final/mats/164131_covariance.mat,0.281310,0.304630,1.000000
/home/gbz6qn/Documents/PhD/Spring26/network_science/network-science-final/mats/164939_covariance.mat,0.174529,0.655908,0.967598
/home/gbz6qn/Documents/PhD/Spring26/network_science/network-science-final/mats/111413_covariance.mat,0.060565,0.902111,0.976235
/home/gbz6qn/Documents/PhD/Spring26/network_science/network-science-final/mats/111211_covariance.mat,0.292893,-0.000000,1.000000
/home/gbz6qn/Documents/PhD/Spring26/network_science/network-science-final/mats/160729_covariance.mat,0.182130,0.598718,0.999032
/home/gbz6qn/Documents/PhD/Spring26/network_science/network-science-final/mats/162228_covariance.mat,0.150334,0.696131,0.980580
/home/gbz6qn/Documents/PhD/Spring26/network_science/network-science-final/mats/174841_covariance.mat,1.000000,0.000000,0.000000
/home/gbz6qn/Documents/PhD/Spring26/network_science/network-science-final/mats/173940_covariance.mat,0.085650,0.819865,0.999988
/home/gbz6qn/Documents/PhD/Spring26/network_science/network-science-final/mats/173738_covariance.mat,0.279485,0.220060,1.000000
/home/gbz6qn/Documents/PhD/Spring26/network_science/network-science-final/mats/175338_covariance.mat,1.000000,0.000000,0.000000
/home/gbz6qn/Documents/PhD/Spring26/network_science/network-science-final/mats/173435_covariance.mat,0.746373,0.358683,0.000000
/home/gbz6qn/Documents/PhD/Spring26/network_science/network-science-final/mats/173637_covariance.mat,0.644429,0.502854,0.000000
/home/gbz6qn/Documents/PhD/Spring26/network_science/network-science-final/mats/173536_covariance.mat,0.137111,0.718572,0.986324
/home/gbz6qn/Documents/PhD/Spring26/network_science/network-science-final/mats/387959_covariance.mat,0.768221,0.327785,0.000000
/home/gbz6qn/Documents/PhD/Spring26/network_science/network-science-final/mats/391748_covariance.mat,0.105067,0.808291,0.974064
/home/gbz6qn/Documents/PhD/Spring26/network_science/network-science-final/mats/395756_covariance.mat,0.657891,0.483815,0.000000
/home/gbz6qn/Documents/PhD/Spring26/network_science/network-science-final/mats/376247_covariance.mat,0.760292,0.338998,0.000000
/home/gbz6qn/Documents/PhD/Spring26/network_science/network-science-final/mats/378756_covariance.mat,0.164049,0.631241,0.999917
/home/gbz6qn/Documents/PhD/Spring26/network_science/network-science-final/mats/381543_covariance.mat,0.346133,0.627945,0.681232
/home/gbz6qn/Documents/PhD/Spring26/network_science/network-science-final/mats/368753_covariance.mat,0.619595,0.537974,0.000000
/home/gbz6qn/Documents/PhD/Spring26/network_science/network-science-final/mats/361941_covariance.mat,0.265880,0.386469,0.981397
/home/gbz6qn/Documents/PhD/Spring26/network_science/network-science-final/mats/361234_covariance.mat,0.309827,0.436147,0.886250
/home/gbz6qn/Documents/PhD/Spring26/network_science/network-science-final/mats/152427_covariance.mat,0.182382,0.589437,0.998884
/home/gbz6qn/Documents/PhD/Spring26/network_science/network-science-final/mats/295146_covariance.mat,0.455146,0.770540,0.000000
/home/gbz6qn/Documents/PhD/Spring26/network_science/network-science-final/mats/143224_covariance.mat,0.292893,-0.000000,1.000000
/home/gbz6qn/Documents/PhD/Spring26/network_science/network-science-final/mats/287248_covariance.mat,0.276782,0.291744,1.000000
/home/gbz6qn/Documents/PhD/Spring26/network_science/network-science-final/mats/299760_covariance.mat,0.292893,0.000000,1.000000
/home/gbz6qn/Documents/PhD/Spring26/network_science/network-science-final/mats/289555_covariance.mat,0.714125,0.404288,0.000000
/home/gbz6qn/Documents/PhD/Spring26/network_science/network-science-final/mats/286650_covariance.mat,0.201270,0.547135,0.996947
/home/gbz6qn/Documents/PhD/Spring26/network_science/network-science-final/mats/281135_covariance.mat,1.000000,0.000000,0.000000
/home/gbz6qn/Documents/PhD/Spring26/network_science/network-science-final/mats/285446_covariance.mat,0.352401,0.299067,0.906379
/home/gbz6qn/Documents/PhD/Spring26/network_science/network-science-final/mats/286347_covariance.mat,0.236738,0.611520,0.890799
/home/gbz6qn/Documents/PhD/Spring26/network_science/network-science-final/mats/280941_covariance.mat,0.517375,0.682535,0.000000
/home/gbz6qn/Documents/PhD/Spring26/network_science/network-science-final/mats/180735_covariance.mat,0.317266,-0.000000,0.965532
/home/gbz6qn/Documents/PhD/Spring26/network_science/network-science-final/mats/181232_covariance.mat,0.060581,0.921357,0.958599
/home/gbz6qn/Documents/PhD/Spring26/network_science/network-science-final/mats/180129_covariance.mat,0.162268,0.657809,0.986987
/home/gbz6qn/Documents/PhD/Spring26/network_science/network-science-final/mats/178950_covariance.mat,0.584147,0.588105,0.000000
/home/gbz6qn/Documents/PhD/Spring26/network_science/network-science-final/mats/180230_covariance.mat,0.158719,0.647631,0.999739
/home/gbz6qn/Documents/PhD/Spring26/network_science/network-science-final/mats/179245_covariance.mat,1.000000,0.000000,0.000000
/home/gbz6qn/Documents/PhD/Spring26/network_science/network-science-final/mats/336841_covariance.mat,0.230292,0.447113,1.000000
/home/gbz6qn/Documents/PhD/Spring26/network_science/network-science-final/mats/349244_covariance.mat,0.408196,0.297645,0.829471
/home/gbz6qn/Documents/PhD/Spring26/network_science/network-science-final/mats/348545_covariance.mat,0.286831,0.264136,0.999981
/home/gbz6qn/Documents/PhD/Spring26/network_science/network-science-final/mats/397154_covariance.mat,0.554658,0.629809,0.000000
/home/gbz6qn/Documents/PhD/Spring26/network_science/network-science-final/mats/275645_covariance.mat,0.292893,0.000000,1.000000
/home/gbz6qn/Documents/PhD/Spring26/network_science/network-science-final/mats/257946_covariance.mat,0.698601,0.426243,0.000000
/home/gbz6qn/Documents/PhD/Spring26/network_science/network-science-final/mats/268749_covariance.mat,0.347151,0.868267,0.314407
/home/gbz6qn/Documents/PhD/Spring26/network_science/network-science-final/mats/274542_covariance.mat,0.280016,0.558660,0.859568
/home/gbz6qn/Documents/PhD/Spring26/network_science/network-science-final/mats/459453_covariance.mat,0.241034,0.906468,0.575853
/home/gbz6qn/Documents/PhD/Spring26/network_science/network-science-final/mats/465852_covariance.mat,0.722733,0.392115,0.000000
/home/gbz6qn/Documents/PhD/Spring26/network_science/network-science-final/mats/198855_covariance.mat,0.364782,0.429064,0.801289
/home/gbz6qn/Documents/PhD/Spring26/network_science/network-science-final/mats/199352_covariance.mat,0.182887,0.630828,0.968213
/home/gbz6qn/Documents/PhD/Spring26/network_science/network-science-final/mats/200513_covariance.mat,0.282961,0.275435,1.000000
/home/gbz6qn/Documents/PhD/Spring26/network_science/network-science-final/mats/199958_covariance.mat,0.253119,0.378120,1.000000
/home/gbz6qn/Documents/PhD/Spring26/network_science/network-science-final/mats/213522_covariance.mat,0.252933,0.617852,0.858364
/home/gbz6qn/Documents/PhD/Spring26/network_science/network-science-final/mats/220721_covariance.mat,0.294299,0.000000,0.998011
/home/gbz6qn/Documents/PhD/Spring26/network_science/network-science-final/mats/227432_covariance.mat,0.395585,0.314261,0.822978
/home/gbz6qn/Documents/PhD/Spring26/network_science/network-science-final/mats/219231_covariance.mat,0.122934,0.765147,0.976267
/home/gbz6qn/Documents/PhD/Spring26/network_science/network-science-final/mats/213421_covariance.mat,0.515852,0.684689,0.000000
/home/gbz6qn/Documents/PhD/Spring26/network_science/network-science-final/mats/155938_covariance.mat,0.148187,0.727872,0.960382
/home/gbz6qn/Documents/PhD/Spring26/network_science/network-science-final/mats/212217_covariance.mat,0.407042,0.681650,0.488623
/home/gbz6qn/Documents/PhD/Spring26/network_science/network-science-final/mats/157437_covariance.mat,0.340194,0.305963,0.896633
/home/gbz6qn/Documents/PhD/Spring26/network_science/network-science-final/mats/158136_covariance.mat,1.000000,0.000000,0.000000
/home/gbz6qn/Documents/PhD/Spring26/network_science/network-science-final/mats/212015_covariance.mat,0.273227,0.351590,0.999722
/home/gbz6qn/Documents/PhD/Spring26/network_science/network-science-final/mats/156031_covariance.mat,0.686015,0.444042,0.000000
/home/gbz6qn/Documents/PhD/Spring26/network_science/network-science-final/mats/157942_covariance.mat,0.651383,0.493020,0.000000
/home/gbz6qn/Documents/PhD/Spring26/network_science/network-science-final/mats/159138_covariance.mat,0.272041,0.312868,1.000000
/home/gbz6qn/Documents/PhD/Spring26/network_science/network-science-final/mats/213017_covariance.mat,1.000000,-0.000000,0.000000
/home/gbz6qn/Documents/PhD/Spring26/network_science/network-science-final/mats/185341_covariance.mat,0.234929,0.506970,0.963703
/home/gbz6qn/Documents/PhD/Spring26/network_science/network-science-final/mats/185442_covariance.mat,0.293461,0.420162,0.909328
/home/gbz6qn/Documents/PhD/Spring26/network_science/network-science-final/mats/350330_covariance.mat,0.589394,0.580685,0.000000
/home/gbz6qn/Documents/PhD/Spring26/network_science/network-science-final/mats/358144_covariance.mat,0.265276,0.320009,0.999964
/home/gbz6qn/Documents/PhD/Spring26/network_science/network-science-final/mats/210011_covariance.mat,0.291084,0.542391,0.845025
/home/gbz6qn/Documents/PhD/Spring26/network_science/network-science-final/mats/135629_covariance.mat,0.293339,0.000000,0.999369
/home/gbz6qn/Documents/PhD/Spring26/network_science/network-science-final/mats/135528_covariance.mat,0.208487,0.570272,0.967726
/home/gbz6qn/Documents/PhD/Spring26/network_science/network-science-final/mats/135124_covariance.mat,0.225976,0.528067,0.959881
/home/gbz6qn/Documents/PhD/Spring26/network_science/network-science-final/mats/135225_covariance.mat,0.731535,0.379667,0.000000
/home/gbz6qn/Documents/PhD/Spring26/network_science/network-science-final/mats/180533_covariance.mat,0.091272,0.808702,0.999236
/home/gbz6qn/Documents/PhD/Spring26/network_science/network-science-final/mats/177645_covariance.mat,0.278142,0.747363,0.695440
/home/gbz6qn/Documents/PhD/Spring26/network_science/network-science-final/mats/153126_covariance.mat,0.187412,0.637093,0.957956
/home/gbz6qn/Documents/PhD/Spring26/network_science/network-science-final/mats/178849_covariance.mat,0.295844,0.000000,0.995827
/home/gbz6qn/Documents/PhD/Spring26/network_science/network-science-final/mats/178142_covariance.mat,0.245038,0.723974,0.785297
/home/gbz6qn/Documents/PhD/Spring26/network_science/network-science-final/mats/177241_covariance.mat,0.260334,0.328235,1.000000
/home/gbz6qn/Documents/PhD/Spring26/network_science/network-science-final/mats/180432_covariance.mat,0.327735,0.372059,0.908502
/home/gbz6qn/Documents/PhD/Spring26/network_science/network-science-final/mats/480141_covariance.mat,0.235087,0.427436,1.000000
/home/gbz6qn/Documents/PhD/Spring26/network_science/network-science-final/mats/321323_covariance.mat,0.262614,0.705303,0.768821
/home/gbz6qn/Documents/PhD/Spring26/network_science/network-science-final/mats/316633_covariance.mat,0.261781,0.409094,0.992247
/home/gbz6qn/Documents/PhD/Spring26/network_science/network-science-final/mats/318637_covariance.mat,0.452839,0.589981,0.504636
/home/gbz6qn/Documents/PhD/Spring26/network_science/network-science-final/mats/529549_covariance.mat,0.292893,-0.000000,1.000000
/home/gbz6qn/Documents/PhD/Spring26/network_science/network-science-final/mats/211114_covariance.mat,0.209046,0.572582,0.966280
/home/gbz6qn/Documents/PhD/Spring26/network_science/network-science-final/mats/210112_covariance.mat,0.239672,0.441238,1.000000
/home/gbz6qn/Documents/PhD/Spring26/network_science/network-science-final/mats/186141_covariance.mat,0.301940,0.390029,0.934591
/home/gbz6qn/Documents/PhD/Spring26/network_science/network-science-final/mats/189349_covariance.mat,0.740989,0.366297,0.000000
/home/gbz6qn/Documents/PhD/Spring26/network_science/network-science-final/mats/193845_covariance.mat,0.433129,0.640448,0.482197
/home/gbz6qn/Documents/PhD/Spring26/network_science/network-science-final/mats/192136_covariance.mat,0.325035,0.686747,0.663014
/home/gbz6qn/Documents/PhD/Spring26/network_science/network-science-final/mats/192035_covariance.mat,0.090607,0.809160,0.999640
/home/gbz6qn/Documents/PhD/Spring26/network_science/network-science-final/mats/186444_covariance.mat,0.200871,0.531394,0.999250
/home/gbz6qn/Documents/PhD/Spring26/network_science/network-science-final/mats/189450_covariance.mat,0.241606,0.401766,0.999990
/home/gbz6qn/Documents/PhD/Spring26/network_science/network-science-final/mats/186040_covariance.mat,0.430872,0.804868,0.000000
/home/gbz6qn/Documents/PhD/Spring26/network_science/network-science-final/mats/196346_covariance.mat,0.480270,0.358895,0.667154
/home/gbz6qn/Documents/PhD/Spring26/network_science/network-science-final/mats/194645_covariance.mat,0.416161,0.295122,0.795364
/home/gbz6qn/Documents/PhD/Spring26/network_science/network-science-final/mats/195041_covariance.mat,0.146627,0.677572,0.999789
/home/gbz6qn/Documents/PhD/Spring26/network_science/network-science-final/mats/192641_covariance.mat,0.293001,0.000000,0.999848
/home/gbz6qn/Documents/PhD/Spring26/network_science/network-science-final/mats/188145_covariance.mat,0.690930,0.437091,0.000000
/home/gbz6qn/Documents/PhD/Spring26/network_science/network-science-final/mats/194746_covariance.mat,0.331205,0.483534,0.824939
/home/gbz6qn/Documents/PhD/Spring26/network_science/network-science-final/mats/187143_covariance.mat,0.240477,0.422151,1.000000
/home/gbz6qn/Documents/PhD/Spring26/network_science/network-science-final/mats/185846_covariance.mat,0.292893,-0.000000,1.000000
/home/gbz6qn/Documents/PhD/Spring26/network_science/network-science-final/mats/191033_covariance.mat,0.241587,0.420471,0.994347
/home/gbz6qn/Documents/PhD/Spring26/network_science/network-science-final/mats/308331_covariance.mat,0.283957,0.251070,1.000000
/home/gbz6qn/Documents/PhD/Spring26/network_science/network-science-final/mats/159744_covariance.mat,0.208418,0.515218,0.999598
/home/gbz6qn/Documents/PhD/Spring26/network_science/network-science-final/mats/159441_covariance.mat,0.292893,0.000000,1.000000
/home/gbz6qn/Documents/PhD/Spring26/network_science/network-science-final/mats/159340_covariance.mat,0.532235,0.607583,0.262197
/home/gbz6qn/Documents/PhD/Spring26/network_science/network-science-final/mats/161630_covariance.mat,0.206283,0.583810,0.963976
/home/gbz6qn/Documents/PhD/Spring26/network_science/network-science-final/mats/160830_covariance.mat,0.292893,0.000000,1.000000
/home/gbz6qn/Documents/PhD/Spring26/network_science/network-science-final/mats/314225_covariance.mat,0.226188,0.475697,0.999985
/home/gbz6qn/Documents/PhD/Spring26/network_science/network-science-final/mats/310621_covariance.mat,0.637197,0.513081,0.000000
/home/gbz6qn/Documents/PhD/Spring26/network_science/network-science-final/mats/309636_covariance.mat,0.111853,0.767997,0.993903
/home/gbz6qn/Documents/PhD/Spring26/network_science/network-science-final/mats/311320_covariance.mat,0.251377,0.446701,0.978530
/home/gbz6qn/Documents/PhD/Spring26/network_science/network-science-final/mats/303119_covariance.mat,0.684876,0.445653,0.000000
/home/gbz6qn/Documents/PhD/Spring26/network_science/network-science-final/mats/208327_covariance.mat,0.416843,0.737716,0.368723
/home/gbz6qn/Documents/PhD/Spring26/network_science/network-science-final/mats/203418_covariance.mat,0.771452,0.323215,0.000000
/home/gbz6qn/Documents/PhD/Spring26/network_science/network-science-final/mats/204016_covariance.mat,0.133833,0.708223,0.999569
/home/gbz6qn/Documents/PhD/Spring26/network_science/network-science-final/mats/207426_covariance.mat,0.292893,-0.000000,1.000000
/home/gbz6qn/Documents/PhD/Spring26/network_science/network-science-final/mats/204420_covariance.mat,0.188665,0.569188,0.999896
/home/gbz6qn/Documents/PhD/Spring26/network_science/network-science-final/mats/206323_covariance.mat,0.337362,0.517609,0.786906
/home/gbz6qn/Documents/PhD/Spring26/network_science/network-science-final/mats/206727_covariance.mat,1.000000,-0.000000,0.000000
/home/gbz6qn/Documents/PhD/Spring26/network_science/network-science-final/mats/200917_covariance.mat,0.756724,0.344044,0.000000
/home/gbz6qn/Documents/PhD/Spring26/network_science/network-science-final/mats/208125_covariance.mat,0.237700,0.435142,0.998185
/home/gbz6qn/Documents/PhD/Spring26/network_science/network-science-final/mats/201515_covariance.mat,0.293250,-0.000000,0.999495
/home/gbz6qn/Documents/PhD/Spring26/network_science/network-science-final/mats/209329_covariance.mat,0.437857,0.794990,0.000000
/home/gbz6qn/Documents/PhD/Spring26/network_science/network-science-final/mats/202113_covariance.mat,0.292893,-0.000000,1.000000
/home/gbz6qn/Documents/PhD/Spring26/network_science/network-science-final/mats/201818_covariance.mat,0.167982,0.639665,0.991476
/home/gbz6qn/Documents/PhD/Spring26/network_science/network-science-final/mats/679568_covariance.mat,0.171371,0.755633,0.895720
/home/gbz6qn/Documents/PhD/Spring26/network_science/network-science-final/mats/680250_covariance.mat,0.292893,-0.000000,1.000000
/home/gbz6qn/Documents/PhD/Spring26/network_science/network-science-final/mats/664757_covariance.mat,0.729559,0.382462,0.000000
/home/gbz6qn/Documents/PhD/Spring26/network_science/network-science-final/mats/622236_covariance.mat,0.626338,0.528438,0.000000
/home/gbz6qn/Documents/PhD/Spring26/network_science/network-science-final/mats/656253_covariance.mat,0.559595,0.622827,0.000000
/home/gbz6qn/Documents/PhD/Spring26/network_science/network-science-final/mats/599671_covariance.mat,1.000000,-0.000000,0.000000
/home/gbz6qn/Documents/PhD/Spring26/network_science/network-science-final/mats/618952_covariance.mat,0.247507,0.378546,1.000000
/home/gbz6qn/Documents/PhD/Spring26/network_science/network-science-final/mats/894067_covariance.mat,0.789206,0.298108,0.000000
/home/gbz6qn/Documents/PhD/Spring26/network_science/network-science-final/mats/919966_covariance.mat,0.483221,0.730837,0.000000
/home/gbz6qn/Documents/PhD/Spring26/network_science/network-science-final/mats/872562_covariance.mat,0.096374,0.800680,0.996030
/home/gbz6qn/Documents/PhD/Spring26/network_science/network-science-final/mats/837560_covariance.mat,0.263139,0.342346,1.000000
/home/gbz6qn/Documents/PhD/Spring26/network_science/network-science-final/mats/835657_covariance.mat,0.292893,0.000000,1.000000
/home/gbz6qn/Documents/PhD/Spring26/network_science/network-science-final/mats/812746_covariance.mat,0.260470,0.327267,1.000000
/home/gbz6qn/Documents/PhD/Spring26/network_science/network-science-final/mats/947668_covariance.mat,0.262092,0.369040,1.000000
/home/gbz6qn/Documents/PhD/Spring26/network_science/network-science-final/mats/966975_covariance.mat,0.228162,0.457408,0.998003
/home/gbz6qn/Documents/PhD/Spring26/network_science/network-science-final/mats/955465_covariance.mat,0.548964,0.450958,0.460883
/home/gbz6qn/Documents/PhD/Spring26/network_science/network-science-final/mats/547046_covariance.mat,0.267668,0.331972,1.000000
/home/gbz6qn/Documents/PhD/Spring26/network_science/network-science-final/mats/561444_covariance.mat,0.292893,0.000000,1.000000
/home/gbz6qn/Documents/PhD/Spring26/network_science/network-science-final/mats/580751_covariance.mat,0.267764,0.288026,1.000000
/home/gbz6qn/Documents/PhD/Spring26/network_science/network-science-final/mats/576255_covariance.mat,0.517117,0.648746,0.214528
/home/gbz6qn/Documents/PhD/Spring26/network_science/network-science-final/mats/571144_covariance.mat,0.806873,0.273123,0.000000
/home/gbz6qn/Documents/PhD/Spring26/network_science/network-science-final/mats/592455_covariance.mat,0.121146,0.814265,0.939486
/home/gbz6qn/Documents/PhD/Spring26/network_science/network-science-final/mats/529953_covariance.mat,0.292893,0.000000,1.000000
/home/gbz6qn/Documents/PhD/Spring26/network_science/network-science-final/mats/555651_covariance.mat,0.638352,0.511447,0.000000
/home/gbz6qn/Documents/PhD/Spring26/network_science/network-science-final/mats/553344_covariance.mat,1.000000,-0.000000,0.000000
/home/gbz6qn/Documents/PhD/Spring26/network_science/network-science-final/mats/727553_covariance.mat,0.180757,0.585758,0.999990
/home/gbz6qn/Documents/PhD/Spring26/network_science/network-science-final/mats/725751_covariance.mat,0.292911,-0.000000,0.999975
/home/gbz6qn/Documents/PhD/Spring26/network_science/network-science-final/mats/729254_covariance.mat,0.333751,0.427665,0.844600
/home/gbz6qn/Documents/PhD/Spring26/network_science/network-science-final/mats/748662_covariance.mat,0.175096,0.636576,0.978644
